<?xml version="1.0" encoding="UTF-8"?>
<blueprint xmlns="http://www.osgi.org/xmlns/blueprint/v1.0.0"
    xmlns:cm="http://aries.apache.org/blueprint/xmlns/blueprint-cm/v1.1.0"
    xmlns:cxf="http://camel.apache.org/schema/blueprint/cxf"
    xmlns:http="http://cxf.apache.org/transports/http/configuration"
    xmlns:jaxws="http://cxf.apache.org/blueprint/jaxws"
    xmlns:sec="http://cxf.apache.org/configuration/security"
    xmlns:xsi="http://www.w3.org/2001/XMLSchema-instance" xsi:schemaLocation="    http://www.osgi.org/xmlns/blueprint/v1.0.0 http://www.osgi.org/xmlns/blueprint/v1.0.0/blueprint.xsd      http://camel.apache.org/schema/blueprint/cxf http://camel.apache.org/schema/blueprint/cxf/camel-cxf.xsd              http://camel.apache.org/schema/blueprint http://camel.apache.org/schema/blueprint/camel-blueprint.xsd               http://aries.apache.org/blueprint/xmlns/blueprint-cm/v1.1.0 http://aries.apache.org/schemas/blueprint-cm/blueprint-cm-1.1.0.xsd">
  
   <bean class="com.av.ca.healthcheck.ApiHealthCheckProcessor" id="apiHealthCheckProcessor"/>
   
    <cxf:rsServer address="/service/rest/healthcheck" id="healthcheckService" serviceClass="com.av.ca.esb.healthcheck.service.HealthCheckService">
       <cxf:providers>
            <bean class="com.fasterxml.jackson.jaxrs.json.JacksonJsonProvider"/>
        </cxf:providers>     
    </cxf:rsServer>
    
    <camelContext id="fuse-health-check-context" streamCache="true" xmlns="http://camel.apache.org/schema/blueprint">
        
        <route id="fuseHealthCheckRestRoute" streamCache="true">
            <from uri="cxfrs:bean:healthcheckService?bindingStyle=SimpleConsumer"/>
            <doTry>
                <log loggingLevel="DEBUG" message="fuse health check REST Call"/>
                <log loggingLevel="DEBUG" message="inside recepient list bundle ${header.operationName}"/>
                <recipientList id="recipientList">
                    <simple>direct:${header.operationName}</simple>
                </recipientList>
                <doCatch>
                    <exception>java.lang.Exception</exception>
                    <handled>
                        <constant>true</constant>
                    </handled>
                </doCatch>
            </doTry>
        </route>

        <route id="apiValidstatus" streamCache="true">
            <from uri="direct:validstatus"/>
            <log  message="inside health check validstatus"/>
            <to uri="bean:apiHealthCheckProcessor?method=validstatusProcess"/>
        </route>

        <route id="apiRouteValidstatus" streamCache="true">
            <from uri="direct:routeValidstatus"/>
            <log  message="inside health check routeValidstatusProcess"/>
            <to uri="bean:apiHealthCheckProcessor?method=routeValidstatusProcess"/>
        </route>

    </camelContext>
</blueprint>
